Zaman (s),Toplam Kuyruk Uzunlugu,Toplam Islenen Request,S1_Kuyruk,S1_CPU,S2_Kuyruk,S2_CPU,S3_Kuyruk,S3_CPU,S4_Kuyruk,S4_CPU,Ortalama_CPU_Kullanimi,Ortalama_Bekleme_Suresi
0.0,0,0,0,0.0,0,0.0,0,0.0,0,0.0,0.0,0.0
1.0000000000000007,0,2,0,97.80595482588554,0,72.96152569190299,0,55.95132692553622,0,17.31665775810405,61.0088663003572,0.0
2.0000000000000013,0,13,0,99.36053906417754,0,84.83298229477099,0,70.54487311977594,0,30.43374019240158,71.29303366778151,0.0
3.00999999999998,0,27,0,94.7418296295249,0,99.17602437396829,0,72.74869981013092,0,34.82524316971856,75.37294924583567,0.0
4.009999999999959,0,43,0,99.50983667999856,0,86.79979260927908,0,69.82592033659597,0,26.44516383803967,70.64517836597832,0.0
5.009999999999938,0,58,0,88.7296278766594,0,59.361675805223534,0,69.82592033659597,0,22.92848421276137,60.21142705781007,0.0
6.009999999999916,0,76,0,99.16511612020066,0,83.41948545269216,0,64.43285755040532,0,32.52093727250424,69.88459909895059,0.0
7.009999999999895,0,84,0,96.93780915906926,0,90.8960199985016,0,61.10536350839819,0,32.52093727250424,70.36503248461833,0.0
8.009999999999874,0,98,0,99.89617914498578,0,87.38826307809407,0,69.75369085146171,0,38.618526341383344,73.91416485398122,0.0
9.009999999999852,0,116,0,98.15641119033877,0,97.72201706106449,0,64.9359079604333,0,48.400296379909804,77.30365814793659,0.0
10.009999999999831,0,131,0,88.87546740717997,0,82.30898047214379,0,51.11542103619961,0,48.400296379909804,67.6750413238583,0.0
11.00999999999981,0,148,0,98.0632672927289,0,88.13183168814633,0,48.13734124191862,0,53.4307830043416,71.94080580678386,0.0
12.009999999999788,0,163,0,88.77997267422222,0,80.65318083443823,0,50.21525428080475,0,39.45549131016892,64.77597477490853,0.0
13.009999999999767,0,175,0,94.20036881112638,0,62.99185705244197,0,54.81654789085117,0,20.078913455708367,58.02192180253197,0.0
14.009999999999746,0,187,0,87.73971809678339,0,91.78241866888953,0,73.11026249604181,0,37.831943526050736,72.61608569694137,0.0
15.009999999999724,0,203,0,91.53321606509142,0,77.08927366993258,0,46.15280318286848,0,33.51801902805778,62.07332798648757,0.0
16.009999999999703,0,220,0,98.64254487983887,0,90.14018647567003,0,51.03059864805773,0,26.71654404454228,66.63246851202723,0.0
17.00999999999986,0,233,0,93.75456280003331,0,96.34651950389394,0,50.47528137002878,0,31.601426361610937,68.04444750889175,0.0
18.000000000000014,0,251,0,98.7243263849738,0,93.96927449207087,0,38.05349182998033,0,35.38380416637153,66.53272421834913,0.0
19.00000000000017,0,262,0,97.15039774846625,0,96.47097600245776,0,59.600361463440635,0,30.381365536042345,70.90077518760175,0.0
20.000000000000327,0,281,0,94.0053787233399,0,96.63825061208576,0,80.9529565091734,0,26.032891742290197,74.40736939672232,0.0
21.000000000000483,0,298,0,98.60599332930354,0,95.0434537512271,0,58.54366986784488,0,30.18947713330097,70.59564852041913,0.0
22.00000000000064,0,313,0,89.04082955555941,0,92.8978390863088,0,57.256989876479615,0,48.26930312246162,71.86624041020237,0.0
23.000000000000796,0,330,0,99.84587283574469,0,71.59209323279117,0,53.931647536665956,0,31.6279081942262,64.249380449857,0.0
24.000000000000952,0,349,0,90.23452889541649,0,74.15450162504466,0,69.18049195891771,0,39.578077567053924,68.2869000116082,0.0
25.00000000000111,0,362,0,97.39899830197646,0,94.89913271232358,0,64.86450883240036,0,40.45428179563207,74.40423041058312,0.0
26.000000000001265,0,377,0,97.09425617673061,0,90.54682033200245,0,68.1375599135323,0,23.169518671176387,69.73703877336044,0.0
27.00000000000142,0,391,0,84.82969173985505,0,89.83728284687895,0,61.68802966069376,0,23.169518671176387,64.88113072965103,0.0
28.000000000001577,0,405,0,91.46416197681629,0,86.29118125835255,0,60.240540237688904,0,35.68432752468717,68.42005274938623,0.0
29.000000000001734,0,421,0,99.68216840068129,0,73.65944507249546,0,56.22745527547082,0,35.702159655973006,66.31780710115514,0.0
30.00000000000189,0,432,0,98.93307720104133,0,88.37879242770576,0,63.96711075296199,0,35.702159655973006,71.74528500942053,0.0
31.000000000002046,0,444,0,99.89298902176462,0,94.77209509325507,0,58.67734977118031,0,29.323838719313553,70.66656815137839,0.0
32.0000000000022,0,453,0,97.83131653908416,0,89.5961200424077,0,59.88520630695292,0,22.989943086630444,67.5756464937688,0.0
33.000000000002004,0,472,0,95.67042658969552,0,95.20712545828714,0,63.08875606674114,0,23.55014599880115,69.37911352838124,0.0
34.000000000001805,0,485,0,99.6953639611671,0,67.4808976608579,0,65.55115410921135,0,40.405056189742616,68.28311798024474,0.0
35.000000000001606,0,498,0,97.87769775872923,0,89.25296147457375,0,60.14971640207868,0,40.405056189742616,71.92135795628107,0.0
36.00000000000141,0,512,0,99.51849100842303,0,91.55363355693234,0,66.77687645138607,0,21.400452489781586,69.81236337663076,0.0
37.00000000000121,0,526,0,96.73414832688506,0,97.06518047988158,0,54.66007362734792,0,31.034163383420548,69.87339145438378,0.0
38.00000000000101,0,548,0,99.00550543366482,0,72.51120300450067,0,59.72291079256103,0,37.5140228168055,67.188410511883,0.0
39.00000000000081,0,567,0,94.95518005115404,0,74.43430876842346,0,47.791565588495565,0,21.993727145944163,59.79369538850431,0.0
40.00000000000061,0,581,0,87.02338092211218,0,81.17412498562534,0,57.38072699966206,0,35.64483491395822,65.30576695533945,0.0
41.00000000000041,0,597,0,90.19696013082296,0,89.04048342810984,0,37.699275575471496,0,27.077308595897843,61.00350693257553,0.0
42.00000000000021,0,608,0,94.93258848775776,0,94.93958665008569,0,79.2490582814037,0,30.55754975448482,74.919695793433,0.0
43.000000000000014,0,631,0,94.99489845487604,0,86.84210816174613,0,67.05943087868627,0,40.0489629939205,72.23635012230723,0.0
44.00999999999981,0,644,0,95.46716088812192,0,98.86619801411334,0,82.03447377030963,0,40.0489629939205,79.10419891661635,0.0
45.009999999999614,0,660,0,94.09037965950118,0,99.99037969261359,0,94.0199585101772,0,41.7049915616827,82.45142735599367,0.0
46.009999999999415,0,674,0,98.83956264949053,0,90.55246476576754,0,96.58487139136679,0,47.18971580789017,83.29165365362876,0.0
47.009999999999216,0,696,0,94.56939502547924,0,96.38213818351008,0,67.46852827466886,0,38.35099509191342,74.1927641438929,0.0
48.00999999999902,0,713,0,94.30716079256477,0,84.3105723630627,0,64.97850928636362,0,28.065133563686615,67.91534400141943,0.0
49.00999999999882,0,731,0,87.0200832197754,0,82.73628764143089,0,65.34689485432631,0,22.67628809123033,64.44488845169073,0.0
50.00999999999862,0,744,0,88.73317114826438,0,86.11413548801933,0,62.86376015267545,0,34.92935571502446,68.1601056259959,0.0
51.00999999999842,0,757,0,98.72200357001489,0,84.76921017529703,0,63.037834470315325,0,37.57975258404204,71.02720019991732,0.0
52.00999999999822,0,771,0,97.77724422971167,0,68.45782623498403,0,59.85273916307463,0,28.5932536885772,63.67026582908688,0.0
53.00999999999802,0,783,0,97.510849974099,0,77.6676710817763,0,27.58740001209347,0,32.12678274190168,58.723175952467614,0.0
54.009999999997824,0,798,0,99.77950120766154,0,91.52671979136866,0,59.54985697317241,0,42.87112575541486,73.43180093190436,0.0
55.009999999997625,0,809,0,99.26609046705437,0,88.8883510269357,0,75.80117124105293,0,34.72474764798231,74.67009009575632,0.0
56.009999999997426,0,823,0,80.93138440646587,0,64.23605655953781,0,60.9573594428401,0,19.474084934860926,56.39972133592617,0.0
57.00999999999723,0,835,0,96.09763739789673,0,75.57998873448159,0,62.952413040293564,0,27.325311815256,65.48883774698197,0.0
58.00999999999703,0,851,0,97.55925313504352,0,65.93586406694061,0,88.95322401993438,0,41.807348641387236,73.56392246582644,0.0
59.00999999999683,0,866,0,99.15680358553035,0,92.16205676614281,0,77.42762143478956,0,41.59683156609306,77.58582833813895,0.0
60.00999999999663,0,882,0,91.45551706352545,0,69.09269245725575,0,65.90803998269956,0,26.91729854744388,63.343387012731164,0.0
61.00999999999643,0,900,0,90.15857742078626,0,65.94447633288947,0,65.97045262828298,0,34.48627959725083,64.13994649480239,0.0
62.00999999999623,0,914,0,96.48880620350523,0,60.44403532615989,0,61.393458280196704,0,35.97563749488251,63.575484326186086,0.0
63.00999999999603,0,927,0,93.58399763260451,0,49.82867227756018,0,58.08960576567354,0,45.65553403061575,61.789452426613494,0.0
64.00999999999584,0,938,0,97.59674576816538,0,89.42089498978874,0,60.372937148217545,0,45.65553403061575,73.26152798419685,0.0
65.00999999999635,0,953,0,97.26688118583242,0,95.1294206129993,0,63.07178738924933,0,46.88945065432847,75.58938496060237,0.0
66.00999999999686,0,967,0,90.54175996146257,0,77.41147661073288,0,73.37389797096165,0,36.10960947747912,69.35918600515906,0.0
67.00999999999738,0,985,0,98.97899879356252,0,94.85829775096643,0,53.24314307399431,0,37.999960263258245,71.27009997044537,0.0
68.00999999999789,0,997,0,95.50915936142242,0,97.97016717939218,0,79.26491257832426,0,37.999960263258245,77.68604984559927,0.0
69.0099999999984,0,1013,0,94.10011759429402,0,91.12577818877266,0,71.53618092650532,0,37.90130809189098,73.66584620036575,0.0
70.00999999999891,0,1031,0,97.05539891697475,0,80.18406766288601,0,55.40884623226954,0,51.76757982479575,71.10397315923151,0.0
71.00999999999942,0,1049,0,96.4015083939433,0,91.56951869257433,0,55.290353324633756,0,48.57220218305429,72.95839564855142,0.0
72.00999999999993,0,1064,0,98.29472545873188,0,78.49738190102059,0,65.8809724289656,0,27.715913516756284,67.59724832636859,0.0
73.00000000000044,0,1076,0,94.43305327879355,0,95.12159735929916,0,71.01368373606687,0,39.970992555754265,75.13483173247846,0.0
74.00000000000095,0,1093,0,89.22164113937713,0,92.4888269162136,0,56.35307188262953,0,47.91613420843932,71.4949185366649,0.0
75.00000000000146,0,1110,0,98.67299519284404,0,69.14241226335687,0,39.653828863260095,0,33.75297826993802,60.305553647349754,0.0
76.00000000000198,0,1122,0,99.75800743908535,0,62.77818122564414,0,46.81897419096615,0,16.7903688408094,56.53638292412626,0.0
77.00000000000249,0,1135,0,96.95865185369482,0,67.13944748459234,0,46.04858479441137,0,5.791577349871801,53.984565370642585,0.0
78.000000000003,0,1150,0,99.46939843054213,0,89.49620369662293,0,47.433589969563876,0,32.643211675626105,67.26060094308876,0.0
79.00000000000351,0,1164,0,99.2409237247038,0,86.40686500263253,0,62.97944512949101,0,32.643211675626105,70.31761138311336,0.0
80.00000000000402,0,1174,0,98.78013936693732,0,88.39716744034031,0,72.4113407877324,0,24.350490502117946,70.98478452428199,0.0
81.00000000000453,0,1193,0,94.863428186269,0,80.15158432631101,0,52.301875258124525,0,39.44795042648144,66.6912095492965,0.0
82.00000000000504,0,1211,0,98.24542976947681,0,79.30240260290935,0,40.56412215850616,0,30.05798236112852,62.04248422300521,0.0
83.00000000000556,0,1225,0,87.54522797208597,0,90.70752896024506,0,56.17242668925582,0,15.465468992049525,62.472663153409094,0.0
84.00000000000607,0,1235,0,96.533297789988,0,87.57606484519569,0,62.06748083064351,0,21.598219120333493,66.94376564654017,0.0
85.00000000000658,0,1245,0,93.1669461235384,0,80.49656778743491,0,62.486556574861424,0,27.332341517182716,65.87060300075436,0.0
86.00000000000709,0,1261,0,97.48506018912988,0,83.79714686047768,0,75.96036065594492,0,39.789713084801384,74.25807019758847,0.0
87.0000000000076,0,1276,0,94.12897261363094,0,93.62052034788229,0,78.98348025189807,0,38.3252342734,76.26455187170282,0.0
88.00000000000811,0,1294,0,99.87480430206628,0,85.33915970782458,0,68.09278175004994,0,26.041680659564495,69.83710660487633,0.0
89.00000000000863,0,1308,0,95.37401709513837,0,86.15376144339513,0,62.289123470869576,0,18.35618616120985,65.54327204265323,0.0
90.00000000000914,0,1324,0,92.75435369424446,0,92.40350839229885,0,64.92042731565043,0,25.42640276097283,68.87617304079164,0.0
91.00000000000965,0,1340,0,99.43817346370611,0,97.08309302695203,0,58.496974803964676,0,42.20248468661765,74.30518149531011,0.0
92.00000000001016,0,1355,0,97.65580238618458,0,80.57783926749018,0,66.31017920239807,0,42.58002865258846,71.78096237716532,0.0
93.00000000001067,0,1376,0,99.64633773784162,0,71.10359241893514,0,65.88838859373107,0,42.58002865258846,69.80458685077407,0.0
94.00000000001118,0,1388,0,99.01811451587447,0,71.01829669390543,0,64.5871456865999,0,30.44573188309915,66.26732219486973,0.0
95.0000000000117,0,1403,0,99.86930961491916,0,95.9947705289888,0,74.78626570403475,0,30.44573188309915,75.27401943276047,0.0
96.00000000001221,0,1417,0,75.1256859196865,0,94.6121268141818,0,58.51879915908407,0,34.061387956606985,65.57949996238985,0.0
97.00000000001272,0,1432,0,98.22605377161325,0,79.23398277919085,0,58.51879915908407,0,28.785462195324342,66.19107447630313,0.0
98.00000000001323,0,1450,0,88.04422866208056,0,60.38895438913472,0,39.16181763025598,0,32.14736015614122,54.93559020940312,0.0
99.00000000001374,0,1466,0,90.66165687614657,0,84.22577855883827,0,44.79272081853954,0,27.867912963494064,61.88701730425461,0.0
100.00000000001425,0,1479,0,96.3795298019741,0,99.68055000493474,0,59.97497301688452,0,27.867912963494064,70.97574144682186,0.0
101.00000000001477,0,1497,0,93.63608988818882,0,48.74540044340007,0,40.18289300863489,0,11.586386406301216,48.53769243663125,0.0
102.00000000001528,0,1508,0,95.37423669718461,0,72.3420330653476,0,32.975290236301014,0,20.140423407679588,55.207995851628205,0.0
103.00000000001579,0,1517,0,98.62881913186153,0,96.41317575765507,0,60.23052747243679,0,53.00280089947823,77.0688308153579,0.0
104.0000000000163,0,1532,0,90.42605618061575,0,89.47450877561563,0,73.8589253052844,0,51.56734417665366,76.33170860954236,0.0
105.00000000001681,0,1555,0,89.8134880474171,0,72.24116709395575,0,74.88847968075231,0,43.81632398406182,70.18986470154674,0.0
106.00000000001732,0,1566,0,91.62361338424469,0,95.11172484931846,0,76.23816695946874,0,41.45833393600906,76.10795978226024,0.0
107.00000000001783,0,1582,0,91.8863370190617,0,89.78846313771807,0,53.717255394141205,0,38.78575907551804,68.54445365660975,0.0
108.00000000001835,0,1602,0,97.73762803264815,0,88.18342320752619,0,62.49907822709285,0,33.59860604128228,70.50468387713737,0.0
109.00000000001886,0,1619,0,97.56542907755912,0,82.74275759000469,0,57.9439314063215,0,41.324453640453,69.89414292858457,0.0
110.00000000001937,0,1635,0,98.7557605843405,0,70.39834054711267,0,52.56438005526242,0,33.2537980086576,63.743069798843294,0.0
111.00000000001988,0,1647,0,91.09824957426525,0,66.41403612837134,0,69.57268661362187,0,39.850423279046446,66.73384889882622,0.0
112.00000000002039,0,1658,0,95.40518646332043,0,58.47436875884337,0,61.20973583330587,0,24.741638795543743,59.957732462753356,0.0
113.0000000000209,0,1673,0,89.38027496782641,0,61.02232680865718,0,51.748050005022584,0,30.6532648231815,58.20097915117192,0.0
114.00000000002142,0,1682,0,94.84186252234122,0,64.3017265322669,0,51.748050005022584,0,10.70720845598952,55.39971187890505,0.0
115.00000000002193,0,1696,0,99.53413530053196,0,63.350042696421575,0,51.085132125465336,0,29.602540697437032,60.89296270496398,0.0
116.00000000002244,0,1708,0,95.74797109347519,0,67.386960234231,0,76.08655376776838,0,36.58445343467982,68.9514846325386,0.0
117.00000000002295,0,1718,0,95.53331849826233,0,68.82410555516958,0,63.07982625169468,0,33.97242695075621,65.3524193139707,0.0
118.00000000002346,0,1737,0,93.14875364967072,0,84.5992064161103,0,48.36002229812888,0,27.649330497455054,63.43932821534124,0.0
119.00000000002397,0,1749,0,77.79237535474945,0,97.6317096052028,0,54.192211731567696,0,25.08781274231158,63.67602735845788,0.0
120.00000000002449,0,1756,0,97.91656594478128,0,99.22028874290253,0,52.77033382553281,0,26.84062887306032,69.18695434656924,0.0
121.000000000025,0,1772,0,97.3394337494169,0,87.18658881333631,0,45.48645456490501,0,35.68560430617793,66.42452035845903,0.0
122.00000000002551,0,1783,0,98.66147803516851,0,98.8187686605342,0,67.00843684223707,0,43.27879328156497,76.94186920487618,0.0
123.00000000002602,0,1790,0,98.66147803516851,0,91.24770697540447,0,69.02171535793562,0,41.832983236547335,75.19097090126398,0.0
124.00000000002653,0,1807,0,99.94603724919304,0,93.15970221383975,0,75.37879862630281,0,34.99073766236064,75.86881893792406,0.0
125.00000000002704,0,1823,0,97.83195979945933,0,97.74860105546452,0,50.83547904985981,0,25.1952076494105,67.90281188854854,0.0
126.00000000002755,0,1837,0,95.51504157634695,0,93.37438015954888,0,64.71977277045431,0,38.38614549281966,72.99883499979245,0.0
127.00000000002807,0,1852,0,98.8497211587359,0,89.83607362387383,0,64.41569061121623,0,37.19676851241306,72.57456347655976,0.0
128.00000000002856,0,1875,0,98.37629303073776,0,87.10824139124854,0,78.84156647260868,0,41.78444022065195,76.52763527881173,0.0
129.00000000002765,0,1886,0,96.24551745811704,0,95.69485947989821,0,75.66588564834984,0,35.2408410538925,75.7117759100644,0.0
130.00000000002674,0,1904,0,94.03378635010628,0,64.40866094012112,0,59.44540796750525,0,41.74959189838439,64.90936178902926,0.0
131.00000000002584,0,1920,0,92.8150499729844,0,85.99626305422822,0,69.04266683262675,0,54.632402203431916,75.62159551581782,0.0
132.00000000002493,0,1934,0,99.54645944205546,0,87.76411516916839,0,77.24446543575951,0,56.96141184487203,80.37911297296385,0.0
133.00000000002402,0,1955,0,99.08698686166674,0,93.77638801692245,0,96.73251644321125,0,34.80509931890554,81.10024766017649,0.0
134.0000000000231,0,1971,0,96.65264370263071,0,96.94070602080208,0,62.45345056596912,0,42.42333811865242,74.61753460201358,0.0
135.0000000000222,0,1982,0,99.70360019960884,0,84.14401166550479,0,62.80542551730469,0,42.42333811865242,72.26909387526769,0.0
136.0000000000213,0,2001,0,98.15976056174654,0,88.83331961320357,0,53.978740550867954,0,45.52981630672111,71.6254092581348,0.0
137.00000000002038,0,2014,0,92.94700868900853,0,98.98059573483864,0,65.28137297349639,0,46.47749933368964,75.9216191827583,0.0
138.00000000001947,0,2031,0,99.75678799426295,0,73.77477860262266,0,52.52049486370696,0,46.47749933368964,68.13239019857055,0.0
139.00000000001856,0,2042,0,99.21576472391457,0,77.58079856222069,0,60.05754923698796,0,26.618702066217335,65.86820364733514,0.0
140.00000000001765,0,2056,0,98.23431768556009,0,90.70385000202403,0,89.46895737201542,0,33.758693827796954,78.04145472184912,0.0
141.00000000001674,0,2070,0,98.56137965432353,0,81.30354498458105,0,84.81266550185116,0,31.749529557238066,74.10677992449845,0.0
142.00000000001583,0,2087,0,82.98730315478015,0,74.46767859611428,0,67.45604551827756,0,44.967551981028706,67.46964481255017,0.0
143.00000000001492,0,2101,0,99.86101115629334,0,78.50815601400379,0,53.680257656198236,0,44.967551981028706,69.25424420188102,0.0
144.000000000014,0,2118,0,93.34874109930301,0,91.8955078662006,0,54.31064400219725,0,52.44775491968689,73.00066197184694,0.0
145.0000000000131,0,2133,0,95.75855570102888,0,67.93781266600422,0,56.639125277109585,0,34.69417905550048,63.75741817491079,0.0
146.0000000000122,0,2142,0,96.87041565722343,0,77.45022362354365,0,31.111112846224685,0,34.69417905550048,60.03148279562306,0.0
147.00000000001128,0,2160,0,90.43932040823735,0,80.39711191633663,0,26.413410891814706,0,35.2398713176279,58.12242863350414,0.0
148.00000000001037,0,2172,0,97.36366972198086,0,86.90638655525747,0,38.77626608253957,0,31.13712785668477,63.545862554115665,0.0
149.00000000000946,0,2186,0,98.96828735656955,0,67.53651913802693,0,53.405027978957925,0,28.39587021712927,62.07642617267092,0.0
150.00000000000855,0,2200,0,98.88160627105509,0,94.39492991265482,0,73.86156191131775,0,42.385422682249256,77.38088019431923,0.0
151.00000000000765,0,2217,0,99.2250963955545,0,98.1971987460227,0,77.66023336132662,0,36.648866974524964,77.9328488693572,0.0
152.00000000000674,0,2235,0,92.54751520606541,0,97.36891743456928,0,77.09862298673333,0,29.853459467508678,74.21712877371918,0.0
153.00000000000583,0,2247,0,98.93571957156884,0,88.03845395564417,0,56.469129087651936,0,28.926849726880075,68.09253808543626,0.0
154.00000000000492,0,2265,0,93.8572835677255,0,63.443875366164306,0,40.86773968463182,0,36.60478292176791,58.693420385072386,0.0
155.000000000004,0,2282,0,91.83671453832405,0,78.17388732737673,0,41.81231972861204,0,18.06102141945913,57.47098575344299,0.0
156.0000000000031,0,2291,0,93.84427234375515,0,80.1981325161615,0,61.98854895988388,0,34.78029635376361,67.70281254339103,0.0
157.0000000000022,0,2303,0,97.72003623238358,0,98.67867589678652,0,67.50422806546806,0,34.78029635376361,74.67080913710043,0.0
158.00000000000128,0,2320,0,92.89652934433323,0,81.59063657438585,0,67.50422806546806,0,19.35538458860912,65.33669464319907,0.0
159.00000000000037,0,2334,0,95.06959839829177,0,89.34197652020725,0,68.0764367059757,0,33.45254433096289,71.4851389888594,0.0
160.00999999999945,0,2352,0,95.3889901084564,0,99.73177088880416,0,64.54766595709378,0,40.76970141191474,75.10953209156727,0.0
161.00999999999854,0,2370,0,93.47431434746807,0,78.10642577870304,0,73.2844290834937,0,40.35022936989806,71.30384964489072,0.0
162.00999999999763,0,2381,0,99.50811861669047,0,65.5869585932422,0,69.45653160734814,0,40.35022936989806,68.72545954679472,0.0
163.00999999999672,0,2398,0,95.70664463977776,0,75.37178552751152,0,54.90709656529516,0,49.075192611073376,68.76517983591445,0.0
164.0099999999958,0,2410,0,98.20050069175296,0,87.71424045559965,0,60.98737877012138,0,45.93913768469223,73.21031440054156,0.0
165.0099999999949,0,2428,0,95.3849566677712,0,90.93676202017564,0,56.95573954646425,0,42.34448800088617,71.40548655882432,0.0
166.009999999994,0,2441,0,97.8934773265489,0,99.67501926450288,0,54.084863876494964,0,32.56496144624267,71.05458047844735,0.0
167.00999999999308,0,2458,0,99.06261360967444,0,84.85742306543348,0,55.282896429952046,0,37.65625540217535,69.21479712680883,0.0
168.00999999999217,0,2479,0,97.07347349429844,0,91.06545947069189,0,81.47392807416192,0,39.20874528816711,77.20540158182985,0.0
169.00999999999127,0,2490,0,97.86843976750869,0,97.4513394954456,0,69.8453026757874,0,37.664564404049614,75.70741158569783,0.0
170.00999999999036,0,2508,0,98.47182165670242,0,84.89019005359864,0,71.36040311333024,0,49.444924034097596,76.04183471443223,0.0
171.00999999998945,0,2521,0,98.0963442455103,0,87.64829582107193,0,40.75167271002799,0,43.85469151351538,67.5877510725314,0.0
172.00999999998854,0,2536,0,94.69969503190949,0,84.08647661569671,0,63.61249014052079,0,23.772817643583355,66.54286985792758,0.0
173.00999999998763,0,2548,0,99.76388559577404,0,86.21382582225691,0,91.69626511169169,0,33.82919699139488,77.87579338027938,0.0
174.00999999998672,0,2572,0,97.80919241618548,0,93.08608063511598,0,80.55290726585392,0,44.24385426370515,78.92300864521513,0.0
175.0099999999858,0,2590,0,98.38417916821336,0,97.32993883669312,0,76.66567542131601,0,27.515115449128512,74.97372721883775,0.0
176.0099999999849,0,2601,0,97.98223279485435,0,94.53085849970594,0,65.81503602399795,0,19.97316879414449,69.57532402817569,0.0
177.009999999984,0,2615,0,96.09328509992369,0,84.45963888650294,0,73.70765066441658,0,19.97316879414449,68.55843586124692,0.0
178.00999999998308,0,2633,0,96.79720901364814,0,69.29629523254374,0,75.1073817499469,0,41.61398878914612,70.70371869632123,0.0
179.00999999998217,0,2654,0,98.08028982354067,0,91.23195383223427,0,84.97435743596475,0,37.187142675110486,77.86843594171255,0.0
180.00999999998126,0,2667,0,97.40687300333326,0,89.16044691731494,0,49.81714451127751,0,38.36467093695812,68.68728384222096,0.0
181.00999999998035,0,2684,0,96.32000593435187,0,74.31246474692239,0,51.914755347350315,0,32.22035324276496,63.691894817847384,0.0
182.00999999997944,0,2703,0,98.2463625751321,0,68.79802042985135,0,39.959338719912225,0,20.06323249024868,56.766738553786084,0.0
183.00999999997853,0,2715,0,90.89754499587823,0,75.87877324598267,0,47.598301031027034,0,26.133436753652433,60.12701400663509,0.0
184.00999999997762,0,2726,0,98.76074700671282,0,92.22746957852358,0,62.21782657728778,0,29.621971636621723,70.70700369978647,0.0
185.0099999999767,0,2739,0,87.65024369411103,0,95.10979730013771,0,51.4874963242186,0,41.12711258798717,68.84366247661363,0.0
186.0099999999758,0,2754,0,95.62192808848202,0,59.50216726000802,0,41.261665973559126,0,23.41977980857597,54.95138528265628,0.0
187.0099999999749,0,2764,0,97.48086372085184,0,91.61941379634726,0,48.56637291716424,0,40.14897466136857,69.45390627393297,0.0
188.00999999997399,0,2786,0,89.6352487199267,0,88.6627416914757,0,65.1321374858932,0,40.37401214572075,70.95103501075408,0.0
189.00999999997308,0,2800,0,97.78132111671654,0,88.02552818289017,0,66.9335656267211,0,25.553328940672834,69.57343596675017,0.0
190.00999999997217,0,2815,0,99.51282628369532,0,79.4727507088491,0,67.39714441556194,0,25.553328940672834,67.9840125871948,0.0
191.00999999997126,0,2827,0,99.57623183417691,0,80.78097620757829,0,64.79373901739724,0,33.45801159117265,69.65223966258128,0.0
192.00999999997035,0,2844,0,95.23093547664502,0,96.30959364271749,0,50.03842640704646,0,39.797051123525584,70.34400166248363,0.0
193.00999999996944,0,2856,0,93.37607643730546,0,66.37928411198496,0,45.12020343642374,0,25.23838258250141,57.52848664205389,0.0
194.00999999996853,0,2865,0,97.03879620125437,0,91.08584839537276,0,54.28930358203654,0,39.03781734802369,70.36294138167185,0.0
195.00999999996762,0,2886,0,97.56724192516042,0,96.2145801644934,0,63.79551967855664,0,24.95589903465858,70.63331020071726,0.0
196.0099999999667,0,2894,0,98.91808347026472,0,86.02332646929403,0,54.75175829231152,0,24.95589903465858,66.16226681663221,0.0
197.0099999999658,0,2912,0,99.46623794133777,0,89.81818870129213,0,58.751283864229215,0,23.64715567036564,67.92071654430619,0.0
198.0099999999649,0,2924,0,95.70546796115853,0,80.79994353550816,0,64.22907982681102,0,36.6583961597777,69.34822187081386,0.0
199.00999999996398,0,2943,0,96.62447422568503,0,82.84357586215071,0,53.20864502771529,0,33.3235635909435,66.50006467662364,0.0
200.00999999996307,0,2956,0,85.23041613998797,0,78.2168021928043,0,53.677482097086056,0,38.01404014664479,63.784685144130776,0.0
201.00999999996216,0,2971,0,97.1188033582965,0,76.63588247961025,0,51.255330193770874,0,30.101830085113054,63.77796152919767,0.0
202.00999999996125,0,2980,0,99.16759566667064,0,69.73259153118266,0,57.928336440587614,0,30.101830085113054,64.2325884308885,0.0
203.00999999996034,0,2997,0,99.32937910891388,0,75.27877515400885,0,71.06582723276358,0,30.858614502207196,69.13314899947338,0.0
204.00999999995943,0,3011,0,99.7136922891531,0,96.61944373393021,0,78.47294379461638,0,35.06558049110264,77.46791507720059,0.0
205.00999999995852,0,3024,0,78.45200427781052,0,74.37372906446004,0,42.92822841828122,0,32.53273229775996,57.07167351457793,0.0
206.0099999999576,0,3035,0,88.35518223710157,0,78.10530708643707,0,56.75553843032704,0,17.678337389388815,60.223591285813626,0.0
207.0099999999567,0,3047,0,99.94984195972327,0,87.503992433017,0,40.22710053003075,0,24.89059095333408,63.14288146902628,0.0
208.0099999999558,0,3061,0,98.98579853992929,0,97.0945392314696,0,48.78447945619305,0,26.62368209422683,67.8721248304547,0.0
209.00999999995489,0,3073,0,94.11743732968962,0,81.83301316481753,0,37.232582733958594,0,26.62368209422683,59.951678830673146,0.0
210.00999999995398,0,3092,0,85.5498762530647,0,85.46915968227142,0,58.68506803664146,0,32.02498947310971,65.43227336127183,0.0
211.00999999995307,0,3107,0,92.92009221783924,0,96.52927619461776,0,77.37251186278225,0,32.02498947310971,74.71171743708724,0.0
212.00999999995216,0,3125,0,99.57499816732516,0,96.51138936736264,0,70.44572444747126,0,26.43390428075796,73.24150406572926,0.0
213.00999999995125,0,3144,0,93.2391657928356,0,79.82047193568988,0,44.743450294174046,0,21.439409344442907,59.81062434178561,0.0
214.00999999995034,0,3157,0,98.44899498971627,0,97.13916528621439,0,57.82521937561579,0,29.661045561504913,70.76860630326284,0.0
215.00999999994943,0,3174,0,97.21334364648365,0,85.1091956835938,0,61.93623898092571,0,32.55563456534736,69.20360321908763,0.0
216.00999999994852,0,3186,0,98.81667962028608,0,91.34512526740939,0,60.76123401769638,0,44.80101184189172,73.93101268682089,0.0
217.0099999999476,0,3200,0,97.40917550366659,0,96.27414722895162,0,61.33484912379478,0,33.41403197200361,72.10805095710415,0.0
218.0099999999467,0,3215,0,91.43103510106104,0,96.49186608998357,0,77.7028390341332,0,39.29957923718489,76.23132986559068,0.0
219.0099999999458,0,3232,0,98.96328954543583,0,86.31746448917309,0,81.89083859793944,0,39.29957923718489,76.61779296743332,0.0
220.00999999994488,0,3247,0,96.4499023358189,0,96.54076506991333,0,62.516365815659015,0,37.440145112304286,73.23679458342389,0.0
221.00999999994397,0,3262,0,85.65910771159774,0,90.01423674475485,0,64.14072218313967,0,32.465996455347444,68.07001577370993,0.0
222.00999999994306,0,3279,0,77.83908314613633,0,81.19583212667457,0,63.185055351005445,0,38.47940906655725,65.1748449225934,0.0
223.00999999994215,0,3296,0,97.06403161338177,0,91.93139993257417,0,49.88605181397644,0,24.19220322253029,65.76842164561566,0.0
224.00999999994124,0,3305,0,93.62971807160086,0,96.41905848307809,0,50.757617680084984,0,21.63071276950852,65.60927675106811,0.0
225.00999999994033,0,3322,0,96.33047388222204,0,96.41908348111416,0,58.99616189010219,0,17.707294576766433,67.36325345755121,0.0
226.00999999993942,0,3336,0,98.27436800853293,0,67.40892117873341,0,39.28573807357273,0,7.5993992348331245,53.142106623918046,0.0
227.00999999993851,0,3349,0,95.06223925221894,0,53.27469827641808,0,27.219177521709632,0,14.504539944072988,47.51516374860491,0.0
228.0099999999376,0,3361,0,96.87949349634599,0,62.15342946148762,0,42.74555051079963,0,16.65089808296337,54.60734288789915,0.0
229.0099999999367,0,3375,0,88.00745700469656,0,77.34761056720725,0,31.54975799053874,0,21.279215323219447,54.5460102214155,0.0
230.0099999999358,0,3387,0,89.70738950808553,0,79.33622565811511,0,55.512957512023334,0,21.994263869508554,61.63770913693313,0.0
231.00999999993488,0,3397,0,99.11529084733601,0,65.67363571037231,0,59.15108701382173,0,21.994263869508554,61.48356936025965,0.0
232.00999999993397,0,3411,0,99.16930254634077,0,73.20898992707747,0,69.01762137417683,0,46.31462839188739,71.92763555987061,0.0
233.00999999993306,0,3426,0,95.16958744415626,0,82.33362499351273,0,78.62238446650052,0,32.13243009919412,72.0645067508409,0.0
234.00999999993215,0,3441,0,97.38646667298022,0,70.35322748554741,0,32.054890250676806,0,26.41017762914049,56.551190509586235,0.0
235.00999999993124,0,3452,0,97.56962763405157,0,91.51049566354536,0,61.075070675541106,0,50.944358437706974,75.27488810271126,0.0
236.00999999993033,0,3465,0,98.9522484208534,0,99.71844755695776,0,54.105229275055734,0,32.891304360983085,71.41680740346249,0.0
237.00999999992942,0,3480,0,92.33375811418867,0,99.85548156881248,0,43.32181410286802,0,32.891304360983085,67.10058953671306,0.0
238.0099999999285,0,3494,0,99.34993250809582,0,97.03171890559628,0,60.625584437541896,0,27.132772780626212,71.03500215796505,0.0
239.0099999999276,0,3511,0,99.89625746635143,0,87.25737588018548,0,75.98362989811969,0,32.46620091884407,73.90086604087517,0.0
240.0099999999267,0,3525,0,99.2653955439048,0,78.63129732077998,0,74.93847570535385,0,19.603545864301882,68.10967860858513,0.0
241.00999999992578,0,3542,0,99.56424443013402,0,72.70129263196286,0,62.6288929555934,0,41.86989100509023,69.19108025569513,0.0
242.00999999992487,0,3555,0,97.23927949098457,0,79.361444617199,0,58.502262053674166,0,36.406241912073746,67.87730701848287,0.0
243.00999999992396,0,3569,0,98.27616630810877,0,88.44406590915794,0,46.597533312661646,0,51.17944630228107,71.12430295805235,0.0
244.00999999992305,0,3583,0,99.66331099331958,0,93.97232857303864,0,46.827631987772754,0,51.17944630228107,72.91067946410301,0.0
245.00999999992214,0,3600,0,92.58719007581159,0,78.65325816786334,0,61.2209198685893,0,44.1017145597168,69.14077066799526,0.0
246.00999999992123,0,3616,0,85.51245132939056,0,96.5452770359323,0,52.176906806346615,0,34.26749603830372,67.1255328024933,0.0
247.00999999992032,0,3631,0,99.29459746835752,0,81.94336881865596,0,61.6395623648301,0,31.01797617131286,68.47387620578911,0.0
248.00999999991942,0,3643,0,93.20331748738639,0,81.90497876413146,0,58.71375314358317,0,25.316970008623564,64.78475485093114,0.0
249.0099999999185,0,3657,0,99.69925696340687,0,91.69452917571843,0,74.73739872605458,0,47.143343405075534,78.31863206756385,0.0
250.0099999999176,0,3674,0,96.69917663142351,0,80.11840376557797,0,67.9790035287715,0,47.143343405075534,72.98498183271212,0.0
251.0099999999167,0,3690,0,97.3026174265128,0,82.57212129905261,0,55.29891688099815,0,51.28297384594984,71.61415736312836,0.0
252.00999999991578,0,3706,0,81.03050649507169,0,62.08280464832877,0,55.75102724411844,0,25.46907302548255,56.08335285325036,0.0
253.00999999991487,0,3718,0,98.86512264249502,0,78.67601494010862,0,73.86711370717875,0,25.18594141224309,69.14854817550636,0.0
254.00999999991396,0,3730,0,94.82281652797695,0,90.90012527538971,0,69.69759161152784,0,39.22090496767268,73.6603595956418,0.0
255.00999999991305,0,3748,0,88.34100303735745,0,77.96392210417467,0,45.64051437313958,0,21.24333390233748,58.29719335425229,0.0
256.00999999991217,0,3761,0,96.74871589873241,0,70.52730171816508,0,70.25969762654393,0,27.905430111068995,66.3602863386276,0.0
257.00999999991126,0,3776,0,98.83130445725186,0,99.21583867635233,0,57.90781046985224,0,33.323783214230446,72.31968420442172,0.0
258.00999999991035,0,3793,0,99.52033335802611,0,79.29779538379218,0,65.63892692046366,0,24.092321330592522,67.13734424821861,0.0
259.00999999990944,0,3803,0,97.76663474170552,0,95.41316649879509,0,73.70201594842702,0,47.87236933427636,78.688546630801,0.0
260.00999999990853,0,3817,0,93.27329357039747,0,93.5593173481624,0,74.1119601954455,0,47.20801140162649,77.03814562890797,0.0
261.0099999999076,0,3825,0,98.2775544189875,0,93.04838843386051,0,73.01196342609234,0,49.57488378942641,78.47819751709169,0.0
262.0099999999067,0,3843,0,94.14103792464037,0,80.84779241051325,0,56.20493447048748,0,48.24426508891246,69.85950747363839,0.0
263.0099999999058,0,3855,0,91.70528680805678,0,93.60206165205156,0,66.73458367690087,0,40.09682317409066,73.03468882777497,0.0
264.0099999999049,0,3868,0,87.10828962259147,0,82.01475802880853,0,68.84808402939622,0,37.24526650510023,68.8040995464741,0.0
265.009999999904,0,3886,0,98.09191068869329,0,69.23142320298241,0,73.24077837222993,0,34.054447209811165,68.6546398684292,0.0
266.0099999999031,0,3899,0,99.24472995221325,0,77.8524285855704,0,58.819814661030165,0,20.336670370173834,64.0634108922469,0.0
267.00999999990216,0,3912,0,98.37430907976093,0,90.86816158500693,0,57.00177943184937,0,21.043763293621048,66.82200334755957,0.0
268.00999999990125,0,3932,0,92.83121652421814,0,73.02997824219682,0,50.6230435065309,0,27.519879857223078,61.00102953254223,0.0
269.00999999990034,0,3945,0,96.66938531077685,0,72.10174582985721,0,59.727311859441826,0,33.20076717784407,65.42480254447999,0.0
270.00999999989943,0,3963,0,95.05963239246272,0,77.59071891169155,0,58.72671609793497,0,33.89384406305737,66.31772786628665,0.0
271.0099999998985,0,3978,0,99.6490670644579,0,74.88828523127667,0,65.55421911366173,0,26.551006061485435,66.66064436772044,0.0
272.0099999998976,0,3996,0,99.53540693860097,0,70.99439427475724,0,55.83893293374578,0,25.269733006497958,62.909616788400484,0.0
273.0099999998967,0,4005,0,91.76962745577427,0,73.42337135940376,0,52.28349685956378,0,25.269733006497958,60.68655717030994,0.0
274.0099999998958,0,4025,0,97.33961795722388,0,85.07287464819379,0,68.94477032598121,0,47.316132763670424,74.66834892376733,0.0
275.0099999998949,0,4043,0,85.70180677601347,0,83.4244682953054,0,55.072513062884624,0,46.754626594965806,67.73835368229233,0.0
276.009999999894,0,4056,0,97.95750038610575,0,85.24357162237004,0,67.58258823608615,0,35.432545639711485,71.55405147106836,0.0
277.00999999989307,0,4072,0,94.50777742358072,0,98.80544461483493,0,89.23262684354113,0,40.17531907502968,80.68029198924661,0.0
278.00999999989216,0,4094,0,80.9280955496147,0,93.98201951709663,0,64.66883810140027,0,40.95594602442485,70.13372479813411,0.0
279.00999999989125,0,4110,0,91.91828130589084,0,96.06317423205302,0,59.86976625748042,0,28.971152561642942,69.20559358926681,0.0
280.00999999989034,0,4129,0,92.91443991871019,0,91.4954375961465,0,77.83319324000541,0,33.99237314136668,74.0588609740572,0.0
281.00999999988943,0,4141,0,96.10330078020488,0,83.08663240543918,0,67.9217860862511,0,41.384721485571376,72.12411018936663,0.0
282.0099999998885,0,4158,0,95.6403086092734,0,58.96059658935772,0,55.37721090501674,0,30.05429868677917,60.00810369760676,0.0
283.0099999998876,0,4170,0,95.5299644496583,0,81.00870567947587,0,80.30780813687619,0,36.78818927106457,73.40866688426873,0.0
284.0099999998867,0,4178,0,97.49643464922576,0,97.78921296636176,0,69.89736846466492,0,34.03373714190231,74.80418830553869,0.0
285.0099999998858,0,4195,0,98.43146180214362,0,82.91647403732713,0,44.1903355211646,0,25.99786769627969,62.88403476422876,0.0
286.0099999998849,0,4208,0,99.62914181050407,0,90.21734843912793,0,65.21790028197107,0,42.16330709334083,74.30692440623598,0.0
287.009999999884,0,4223,0,99.045021399472,0,95.4263371949339,0,62.9743380956335,0,28.702155741631792,71.5369631079178,0.0
288.00999999988306,0,4241,0,92.37974498777001,0,89.77526466089031,0,85.85176749702536,0,46.47231390565575,78.61977276283537,0.0
289.00999999988215,0,4257,0,96.99991443551868,0,98.22575744504731,0,77.88614712535453,0,45.24047359007627,79.5880731489992,0.0
290.00999999988125,0,4273,0,94.18731946883966,0,87.62119977279384,0,64.85432811336038,0,34.507799250870086,70.29266165146599,0.0
291.00999999988034,0,4296,0,99.32573157793402,0,69.34595857728962,0,54.62421507552598,0,20.073614915772687,60.84238003663058,0.0
292.0099999998794,0,4307,0,96.22195409336359,0,75.9680475754473,0,84.50882536799693,0,23.5479684462465,70.06169887076358,0.0
293.0099999998785,0,4322,0,96.30814496852162,0,56.3230607968318,0,60.825780897484464,0,30.91318659460459,61.09254331436062,0.0
294.0099999998776,0,4334,0,98.80116520961867,0,55.41016249071845,0,42.14218655880629,0,30.91318659460459,56.816675213437,0.0
295.0099999998767,0,4344,0,93.83563688583646,0,63.5101168477783,0,51.37474731316742,0,34.00923952454249,60.68243514283117,0.0
296.0099999998758,0,4359,0,98.36701612840714,0,93.13687383918452,0,93.285623004593,0,34.679278607784674,79.86719789499233,0.0
297.0099999998749,0,4374,0,84.36092021041134,0,91.55420206105529,0,88.45454150799107,0,42.35178333895729,76.68036177960374,0.0
298.00999999987397,0,4388,0,97.33227773829994,0,85.8175452741919,0,60.222239901493985,0,43.85519758093155,71.80681512372934,0.0
299.00999999987306,0,4408,0,92.91615879904475,0,89.39337139719649,0,66.21675432547062,0,39.064275002195245,71.89763988097678,0.0
300.00999999987215,0,4425,0,94.38879306778703,0,71.61072856219076,0,51.20908941782541,0,31.215538611230777,62.1060374147585,0.0
301.00999999987124,0,4436,0,98.50183687457461,0,84.30994858683916,0,66.28559015507683,0,44.01913802627884,73.27912841069235,0.0
302.00999999987033,0,4450,0,99.8803456213435,0,99.89918497851103,0,45.17601330113817,0,34.74316836018776,69.92467806529511,0.0
303.0099999998694,0,4464,0,98.0778843925041,0,87.41625707078656,0,72.0856937311192,0,36.9806576243501,73.64012320468998,0.0
304.0099999998685,0,4478,0,96.90814524597735,0,74.12811274382862,0,54.43064932066741,0,17.081595504599886,60.63712570376832,0.0
305.0099999998676,0,4491,0,94.14918339479027,0,57.45746343123952,0,45.42733740899832,0,19.28248346202452,54.079116924263154,0.0
306.0099999998667,0,4503,0,99.86105473974803,0,90.45059736164106,0,63.99923021696873,0,28.968736898527702,70.81990480422138,0.0
307.0099999998658,0,4519,0,97.42830501495878,0,84.91092968921883,0,60.3485071075529,0,28.968736898527702,67.91411967756456,0.0
308.0099999998649,0,4535,0,98.80664162507018,0,89.11599533264362,0,55.9684853866121,0,38.935618158739054,70.70668512576624,0.0
309.00999999986396,0,4553,0,94.75915108636423,0,87.96273303928255,0,62.39256391087351,0,38.935618158739054,71.01251654881483,0.0
310.00999999986306,0,4567,0,99.04049047701048,0,72.96575812283537,0,45.351152453977974,0,13.146609222189028,57.62600256900321,0.0
311.00999999986215,0,4576,0,94.15483358522306,0,75.28625371880165,0,55.95332786784148,0,13.146609222189028,59.63525609851381,0.0
312.00999999986124,0,4589,0,96.85594354865427,0,77.88938052335274,0,59.746777736183176,0,19.390294427158004,63.470599058837045,0.0
313.0099999998603,0,4601,0,96.80415269264766,0,91.52207379111444,0,46.18231088618318,0,14.79714993987341,62.32642182745467,0.0
314.0099999998594,0,4616,0,99.93093743215351,0,76.94569846427663,0,41.739988530198744,0,28.660339754693414,61.81924104533058,0.0
315.0099999998585,0,4629,0,94.71505984934745,0,70.94530209159278,0,56.217977696376224,0,28.660339754693414,62.63466984800247,0.0
316.0099999998576,0,4635,0,98.9153352282528,0,74.11221624648661,0,55.98994505211208,0,25.369255983146495,63.5966881274995,0.0
317.0099999998567,0,4648,0,91.5344206333049,0,90.98813269351068,0,55.226304832991524,0,33.957768003526425,67.92665654083338,0.0
318.0099999998558,0,4662,0,80.1502933029885,0,73.36899680089203,0,41.951479058754884,0,26.19572572035424,55.41662372074742,0.0
319.00999999985487,0,4676,0,98.7506585769217,0,69.80314865998866,0,44.070805726148166,0,29.518908974182782,60.535880484310326,0.0
320.00999999985396,0,4687,0,98.86029149432979,0,79.59671108756619,0,35.15010485773144,0,23.16858503902007,59.193923119661875,0.0
321.00999999985305,0,4700,0,96.49754197072424,0,78.66606542193443,0,35.388115310496886,0,22.76722563657453,58.329737084932525,0.0
322.00999999985214,0,4711,0,93.97010162053846,0,82.18765475868352,0,32.89190249461049,0,23.345944469447595,58.09890083582002,0.0
323.00999999985123,0,4723,0,99.2415550261173,0,91.12133780806397,0,55.924594377214945,0,34.082027842142985,70.0923787633848,0.0
324.0099999998503,0,4738,0,93.19444718550574,0,93.83616859779104,0,59.55453294274044,0,34.082027842142985,70.16679414204505,0.0
325.0099999998494,0,4753,0,98.57575849343218,0,89.19507413904861,0,60.820524051484,0,31.275821882946012,69.9667946417277,0.0
326.0099999998485,0,4769,0,97.05561910386592,0,65.9823748726763,0,56.76519546718699,0,36.59888330711358,64.1005181877107,0.0
327.0099999998476,0,4786,0,91.24356235638507,0,65.40402904496395,0,55.67891944240345,0,29.859001076889687,60.546377980160536,0.0
328.0099999998467,0,4801,0,84.37989284476087,0,76.21414606093673,0,62.79222605712199,0,29.92590890908985,63.32804346797736,0.0
329.0099999998458,0,4814,0,99.64082703394494,0,90.12256418446805,0,61.049716336318596,0,46.941054500901686,74.43854051390832,0.0
330.00999999984487,0,4831,0,93.42979283545712,0,90.82238718149463,0,59.91714727065042,0,43.026346080028475,71.79891834190767,0.0
331.00999999984396,0,4845,0,99.19364934659073,0,88.12504765727915,0,68.15159498026915,0,46.44622355678919,75.47912888523206,0.0
332.00999999984305,0,4862,0,99.72627333874222,0,92.36411982753704,0,55.967072215523196,0,27.0431543681176,68.77515493748001,0.0
333.00999999984214,0,4875,0,96.72297218533461,0,85.68435678185024,0,53.96672766724889,0,31.904036592218137,67.06952330666297,0.0
334.0099999998412,0,4892,0,92.43176855832809,0,96.45488201017655,0,52.48479318976107,0,39.43776045569424,70.20230105348999,0.0
335.0099999998403,0,4912,0,91.04746114743585,0,69.4916913481198,0,52.98456917062158,0,38.052741377301075,62.89411576086958,0.0
336.0099999998394,0,4921,0,95.71271415394592,0,74.39469532685962,0,55.476649835526615,0,24.736540824641516,62.58015003524342,0.0
337.0099999998385,0,4936,0,97.84131036665167,0,97.54317142431442,0,69.24562713359458,0,31.842443697181828,74.11813815543563,0.0
338.0099999998376,0,4948,0,97.69711408235904,0,95.5114830278066,0,76.08297370060724,0,49.72857541015379,79.75503655523167,0.0
339.0099999998367,0,4960,0,93.1401996754961,0,71.2055139278937,0,58.79295758590604,0,48.94695767397634,68.02140721581804,0.0
340.00999999983577,0,4972,0,96.49446782164586,0,94.04264409683967,0,77.04542958695032,0,35.95793619991777,75.8851194263384,0.0
341.00999999983486,0,4990,0,98.66468485585018,0,73.95386150447865,0,46.26729816307901,0,34.202021316009265,63.271966459854276,0.0
342.00999999983395,0,5008,0,96.27023700542495,0,99.07294162096063,0,71.51615822011887,0,43.549113196514185,77.60211251075467,0.0
343.00999999983304,0,5020,0,97.56193046896848,0,91.81022195420154,0,61.31615664069177,0,43.549113196514185,73.559355565094,0.0
344.00999999983213,0,5038,0,92.75792460678474,0,94.56468856670149,0,77.82854774929451,0,37.42581523763941,75.64424404010504,0.0
345.0099999998312,0,5056,0,97.01636067495865,0,77.83185861910933,0,46.773207910968,0,36.29387341779834,64.47882515570858,0.0
346.0099999998303,0,5069,0,90.13968126376344,0,61.608673590191,0,37.0498944242602,0,29.401485409737994,54.54993367198816,0.0
347.0099999998294,0,5084,0,98.5131087829435,0,60.825682352964506,0,47.34954392700827,0,40.13954088609267,61.70696898725224,0.0
348.0099999998285,0,5097,0,99.57140024033296,0,77.22340295017531,0,63.593505932926924,0,30.71580452430265,67.77602841193446,0.0
349.0099999998276,0,5110,0,96.29148739798786,0,89.16082556268253,0,51.53539505441276,0,30.542171006579704,66.88246975541571,0.0
350.0099999998267,0,5121,0,80.7875401663184,0,92.57661864046145,0,67.72800520564826,0,29.710348201692643,67.70062805353018,0.0
351.00999999982577,0,5139,0,98.73728620939332,0,88.02634800831515,0,76.14115831478361,0,38.787097198053196,75.42297243263631,0.0
352.00999999982486,0,5149,0,97.96810516993717,0,95.85525921572422,0,52.9810652548455,0,45.39561280587999,73.05001061159672,0.0
353.00999999982395,0,5167,0,95.4757014544373,0,87.46331880903715,0,60.17956384847303,0,48.016924518735955,72.78387715767086,0.0
354.00999999982304,0,5185,0,99.12302854343534,0,81.56902652925683,0,46.169452388692434,0,22.357282021208064,62.30469737064817,0.0
355.0099999998221,0,5196,0,97.18002523696373,0,97.92901821695115,0,55.718731125809235,0,52.312848377083725,75.78515573920195,0.0
356.0099999998212,0,5211,0,99.39017116221207,0,81.31323383555781,0,61.23778665716399,0,52.312848377083725,73.5635100080044,0.0
357.0099999998203,0,5233,0,93.13392596607115,0,90.81466594475864,0,33.36166572622847,0,40.12116493417153,64.35785564280745,0.0
358.0099999998194,0,5252,0,98.04278976219386,0,72.29126167172994,0,39.8983473180223,0,23.74897859969638,58.49534433791062,0.0
359.0099999998185,0,5262,0,97.32324118334105,0,90.50729054747451,0,64.96799601045882,0,41.32639095792683,73.5312296748003,0.0
360.0099999998176,0,5277,0,94.607395397086,0,95.91311952592295,0,72.36788177712371,0,41.69925949043921,76.14691404764297,0.0
361.00999999981667,0,5296,0,96.24546635500509,0,91.16571371858365,0,63.73615969157208,0,36.56961525246082,71.9292387544054,0.0
362.00999999981576,0,5313,0,94.67746969007915,0,85.39636385599991,0,52.35779971793897,0,35.91962803374652,67.08781532444114,0.0
363.00999999981485,0,5330,0,98.50622991132073,0,82.5034091875622,0,54.20912873364334,0,36.293573539467594,67.87808534299846,0.0
364.00999999981394,0,5344,0,94.41767338750822,0,86.36568947942183,0,73.23809219245402,0,43.96171731220158,74.4957930928964,0.0
365.00999999981303,0,5361,0,91.12783209432259,0,82.48023954542751,0,54.75549183044467,0,40.95914416516675,67.33067690884037,0.0
366.0099999998121,0,5376,0,98.80929401863264,0,79.24778470618962,0,40.277967633444916,0,41.94783588263414,65.07072056022533,0.0
367.0099999998112,0,5386,0,98.71542766055198,0,97.32970347710253,0,49.39760897001142,0,40.795134164797574,71.55946856811588,0.0
368.0099999998103,0,5406,0,96.36050534801272,0,97.63795740373682,0,75.83856903550753,0,51.267524312143,80.27613902485002,0.0
369.0099999998094,0,5421,0,99.63944735924531,0,98.64447582068195,0,92.6833604186839,0,32.54562952398615,80.87822828064932,0.0
370.0099999998085,0,5437,0,99.16097121156946,0,93.60664925508313,0,96.01366810919808,0,31.29458352101808,80.01896802421719,0.0
371.0099999998076,0,5460,0,83.92686763768859,0,63.99525421945147,0,62.254574277648395,0,32.310226753887996,60.62173072216911,0.0
372.00999999980667,0,5477,0,96.21531332744205,0,79.71482293243409,0,61.32538139702476,0,25.389139131577334,65.66116419711956,0.0
373.00999999980576,0,5488,0,97.3116376275547,0,74.44038012012052,0,65.08466760053139,0,24.523521193105104,65.34005163532792,0.0
374.00999999980485,0,5507,0,83.06095099906935,0,74.05523879362528,0,68.07740951255734,0,27.965769060712475,63.28984209149111,0.0
375.00999999980394,0,5517,0,97.18018453467162,0,98.00835458103637,0,87.2234268408118,0,36.05941792724482,79.61784597094115,0.0
376.00999999980303,0,5535,0,92.79111883686923,0,76.70202732606727,0,87.38352667431472,0,39.42186746193671,74.07463507479699,0.0
377.0099999998021,0,5553,0,99.6393768771153,0,88.29658813649677,0,74.26720637383409,0,48.60769279311218,77.70271604513958,0.0
378.0099999998012,0,5566,0,98.18892937374456,0,82.49256258659665,0,54.860289526242326,0,42.81686136269495,69.58966071231961,0.0
379.0099999998003,0,5581,0,97.76642056459274,0,81.98172293796655,0,40.96573938116007,0,42.81686136269495,65.88268606160358,0.0
380.0099999997994,0,5595,0,94.58486989123311,0,76.346117690957,0,66.72157051967318,0,36.86919798934419,68.63043902280187,0.0
381.0099999997985,0,5611,0,93.97088829715088,0,87.69785371940735,0,54.30559280426887,0,25.8839670126347,65.46457545836545,0.0
382.00999999979757,0,5626,0,86.26543519058495,0,89.72320788601198,0,82.08549992384809,0,35.43206209793377,73.3765512745947,0.0
383.00999999979666,0,5644,0,98.99057925646923,0,83.95069602865918,0,59.836076329677375,0,31.003012833154223,68.44509111199,0.0
384.00999999979575,0,5658,0,98.78827082201433,0,95.05782889006896,0,63.77218123206569,0,27.92413751842511,71.38560461564352,0.0
385.00999999979484,0,5675,0,98.69532276144722,0,72.6044472623057,0,67.96295610007286,0,25.95799547214879,66.30518039899364,0.0
386.00999999979393,0,5687,0,98.78275734630114,0,98.21910758148337,0,51.3447752826226,0,20.788098209211494,67.28368460490465,0.0
387.009999999793,0,5702,0,99.58804602878236,0,91.6128511052638,0,60.136554214433225,0,19.562397507317783,67.7249622139493,0.0
388.0099999997921,0,5713,0,91.87172937533681,0,94.62251417146427,0,60.136554214433225,0,34.78367556878244,70.35361833250418,0.0
389.0099999997912,0,5730,0,88.74034858733246,0,81.57792490472666,0,75.88677162415173,0,43.252737175714735,72.3644455729814,0.0
390.0099999997903,0,5743,0,98.15744924169991,0,93.110759670008,0,66.01013473411335,0,43.252737175714735,75.13277020538399,0.0
391.0099999997894,0,5756,0,99.6210052732962,0,82.95364670024932,0,76.75717677125425,0,44.07658879142473,75.85210438405613,0.0
392.0099999997885,0,5772,0,99.22198189452017,0,80.69897994970339,0,67.05277440983191,0,29.02065187771301,68.99859703294211,0.0
393.00999999978757,0,5787,0,98.41044715719579,0,94.99893361281639,0,44.687598940517674,0,32.940484978588664,67.75936617227963,0.0
394.00999999978666,0,5804,0,92.37607689796688,0,92.15219355661655,0,62.72006821403253,0,34.90905208317496,70.53934768794772,0.0
395.00999999978575,0,5819,0,96.52598648885055,0,96.0048826991989,0,79.06065453307849,0,32.23945907004723,75.9577456977938,0.0
396.00999999978484,0,5840,0,93.22605245126508,0,85.53471762844461,0,50.71980940095323,0,40.178002740211966,67.41464555521873,0.0
397.00999999978393,0,5854,0,92.94758598386017,0,95.05757331888715,0,60.127411607536835,0,45.828960261320546,73.49038279290117,0.0
398.009999999783,0,5874,0,92.54297708150368,0,97.24858916072475,0,52.14062598513181,0,44.84283512850994,71.69375683896754,0.0
399.0099999997821,0,5893,0,94.48191510780303,0,86.2408287405562,0,57.83848182480782,0,46.65060071792762,71.30295659777367,0.0
400.0099999997812,0,5914,0,99.31935539989888,0,93.1166650990876,0,34.56291253099533,0,29.836347512504528,64.20882013562158,0.0
401.0099999997803,0,5931,0,96.95123231423369,0,78.42962912625065,0,61.515672844350945,0,33.16661895753109,67.51578831059159,0.0
402.0099999997794,0,5945,0,92.87558975642753,0,95.21376811337532,0,77.72343639683152,0,39.84791573879493,76.41517750135732,0.0
403.0099999997785,0,5965,0,91.18709717472856,0,99.67165384188844,0,71.67950151470481,0,44.16297674563013,76.67530731923799,0.0
404.00999999977756,0,5979,0,98.44304310467977,0,95.75029414795603,0,61.55256874649471,0,44.337796117586144,75.02092552917917,0.0
405.00999999977665,0,5993,0,97.50405077281113,0,93.72898206370147,0,60.41035752594203,0,36.013137508919456,71.91413196784352,0.0
406.00999999977574,0,6008,0,91.75273887506373,0,70.4571997202777,0,71.70086101375855,0,30.18529981781712,66.02402485672927,0.0
407.00999999977483,0,6024,0,99.78536470484862,0,95.40591255509796,0,56.54296561801895,0,38.33495478288513,72.51729941521266,0.0
408.0099999997739,0,6034,0,95.21193513653215,0,85.93668831144244,0,59.395944529319095,0,38.33495478288513,69.7198806900447,0.0
409.009999999773,0,6053,0,96.79552302084741,0,71.96751899887693,0,35.244259658150995,0,40.08398296700793,61.02282116122082,0.0
410.0099999997721,0,6069,0,96.76460380282995,0,91.36120487996013,0,55.38042785810126,0,38.70168421609183,70.5519801892458,0.0
411.0099999997712,0,6082,0,91.52096360020991,0,97.63010331037896,0,68.01680997616856,0,26.82923087191506,70.99927693966812,0.0
412.0099999997703,0,6098,0,89.68497923180736,0,79.49647041406868,0,63.19118063225859,0,30.62871456371392,65.75033621046214,0.0
413.0099999997694,0,6118,0,87.48596179304285,0,91.30017355931383,0,63.71201925240779,0,36.16854909181954,69.666675924146,0.0
414.00999999976847,0,6132,0,95.85613844910772,0,90.00109690979559,0,64.41909152903284,0,35.80738741627065,71.5209285760517,0.0
415.00999999976756,0,6154,0,98.19441894042976,0,65.81010875363583,0,50.40329557315761,0,29.80012864620084,61.05198797835601,0.0
416.00999999976665,0,6171,0,98.51096739093467,0,98.69083816624834,0,76.68663155637394,0,31.873085115795888,76.44038055733822,0.0
417.00999999976574,0,6182,0,99.47061035047481,0,99.7135977696979,0,95.61817972744724,0,30.803261377960432,81.4014123063951,0.0
418.00999999976483,0,6199,0,92.95294469217674,0,87.76171771998129,0,93.78365725862975,0,34.92431485566554,77.35565863161332,0.0
419.0099999997639,0,6214,0,96.93334656376986,0,82.98161829149105,0,82.12043007709073,0,42.30042865917616,76.08395589788195,0.0
420.009999999763,0,6233,0,99.88510929174718,0,97.3200964443092,0,72.12289409843255,0,28.078024870918775,74.35153117635193,0.0
421.0099999997621,0,6249,0,99.46265518777244,0,93.58016628216919,0,58.946718057878144,0,30.924635034122872,70.72854364048567,0.0
422.0099999997612,0,6260,0,97.75879739137434,0,81.45416483804217,0,71.57013310476364,0,38.666480321980714,72.36239391404021,0.0
423.0099999997603,0,6274,0,98.48707247972996,0,82.7491372828493,0,74.97009352400879,0,49.23905320480921,76.36133912284932,0.0
424.0099999997594,0,6290,0,98.09411874965164,0,77.71902871276842,0,83.98776456830592,0,47.787942458568224,76.89721362232355,0.0
425.00999999975846,0,6305,0,99.93471780821994,0,78.1801403244514,0,94.43192014252625,0,48.65439654769795,80.30029370572389,0.0
426.00999999975755,0,6323,0,98.03308245034552,0,86.83338485518324,0,64.47841339573763,0,37.61804654847175,71.74073181243453,0.0
427.00999999975664,0,6341,0,94.3368974389022,0,98.41688777320418,0,65.30340940391922,0,31.461483169069133,72.37966944627368,0.0
428.00999999975573,0,6356,0,99.29011085781305,0,88.78854941765718,0,58.27180837239605,0,31.337330087959522,69.42194968395646,0.0
429.0099999997548,0,6370,0,99.84008616902027,0,94.66672570336539,0,62.30303626279019,0,31.23396682548296,72.0109537401647,0.0
430.0099999997539,0,6384,0,95.89337313429756,0,98.73646703603256,0,48.17598850695444,0,26.166127082682184,67.24298893999169,0.0
431.009999999753,0,6397,0,99.1396730743125,0,76.86268506580952,0,58.0895595738404,0,35.12103022036236,67.30323698358119,0.0
432.0099999997521,0,6411,0,95.13861535481573,0,94.5522827301555,0,67.09520120738425,0,46.49881520437322,75.82122862418217,0.0
433.0099999997512,0,6429,0,98.40531983826529,0,90.02751381110035,0,63.0104020540343,0,50.49348796880727,75.4841809180518,0.0
434.0099999997503,0,6439,0,98.79842865953752,0,83.72754404451518,0,92.83749325551064,0,47.85646880480769,80.80498369109276,0.0
435.00999999974937,0,6460,0,98.785920408404,0,75.27413214930016,0,95.38050335106918,0,32.11962500719347,75.3900452289917,0.0
436.00999999974846,0,6477,0,99.51063343854842,0,94.05500139150737,0,80.75570419957191,0,35.652394673542105,77.49343342579246,0.0
437.00999999974755,0,6488,0,83.52844484599439,0,92.6720633161413,0,70.38534595948136,0,22.353594539016846,67.23486216515848,0.0
438.00999999974664,0,6502,0,96.68238333411523,0,96.26051029958522,0,65.63137727496199,0,35.01002497952163,73.39607397204603,0.0
439.00999999974573,0,6516,0,95.61718940384073,0,86.38252159918504,0,45.87685995748202,0,55.55259641417078,70.85729184366964,0.0
440.0099999997448,0,6534,0,90.48544585677061,0,89.29613720100514,0,54.97609025092317,0,50.22241759717481,71.24502272646843,0.0
441.0099999997439,0,6541,0,97.38890830018036,0,95.56982272284361,0,53.479675777096176,0,50.22241759717481,74.16520609932374,0.0
442.009999999743,0,6558,0,97.7694356337698,0,97.01449753417128,0,50.917164870884875,0,36.13376701907122,70.45871626447429,0.0
443.0099999997421,0,6573,0,96.08057765658049,0,95.01146291766142,0,60.64577691235533,0,32.918737410612835,71.16413872430252,0.0
444.0099999997412,0,6586,0,98.68896298718616,0,99.08935468900756,0,65.54514040283522,0,36.48114811618948,74.9511515488046,0.0
445.0099999997403,0,6605,0,96.53803651412682,0,84.55653292112483,0,66.34796903043501,0,36.10754689926006,70.88752134123668,0.0
446.00999999973936,0,6621,0,94.20142224670764,0,88.13580914142538,0,64.22156757819158,0,49.303627522733436,73.96560662226452,0.0
447.00999999973845,0,6637,0,97.4306240502456,0,62.287712886124154,0,82.03410700506518,0,52.93049672395097,73.67073516634647,0.0
448.00999999973754,0,6659,0,94.2987306437351,0,83.42554167310836,0,56.1111974491838,0,51.902658948680674,71.43453217867699,0.0
449.00999999973664,0,6673,0,88.87741235203256,0,85.31244762123731,0,61.91442752029975,0,45.40489247226035,70.37729499145749,0.0
450.0099999997357,0,6688,0,99.04869926450765,0,98.34387600568668,0,71.47366170323731,0,23.370075962558843,73.05907823399762,0.0
451.0099999997348,0,6706,0,98.02648525469138,0,85.63315958438338,0,61.97011319088892,0,34.418826453669475,70.01214612090828,0.0
452.0099999997339,0,6721,0,99.03600283138773,0,91.52500606019048,0,70.90922041492996,0,32.758979798008326,73.55730227612912,0.0
453.009999999733,0,6735,0,99.27548849498842,0,92.22161080621737,0,80.47716964110484,0,42.65875058871662,78.65825488275681,0.0
454.0099999997321,0,6750,0,90.24993995771837,0,87.0104762003814,0,75.10848077792814,0,34.50822397923921,71.71928022881679,0.0
455.0099999997312,0,6768,0,95.8812802916366,0,79.96454041493205,0,60.68150109488806,0,32.071809062751306,67.149782716052,0.0
456.00999999973027,0,6786,0,95.72373016051006,0,86.33671496620708,0,60.54654157800313,0,31.823661120643855,68.60766195634103,0.0
457.00999999972936,0,6810,0,93.7936491598833,0,90.17897432142324,0,43.21900934914724,0,41.689058536522495,67.22017284174407,0.0
458.00999999972845,0,6830,0,97.48239879363051,0,72.97847543944518,0,71.10654986223554,0,32.92442990943215,68.62296350118584,0.0
459.00999999972754,0,6846,0,99.3203749320363,0,86.38248601258104,0,84.67453567810401,0,22.88638406389275,73.31594517165352,0.0
460.00999999972663,0,6861,0,98.49860041310438,0,75.83273991725648,0,72.23118630601442,0,22.88638406389275,67.362227675067,0.0
461.0099999997257,0,6876,0,96.71368211923094,0,74.55309569174337,0,76.665358951034,0,51.66557768963057,74.89942861290972,0.0
462.0099999997248,0,6895,0,84.35836434122572,0,95.91434239196617,0,64.733113700035,0,51.66557768963057,74.16784953071436,0.0
463.0099999997239,0,6909,0,92.56234267403677,0,86.67945392664618,0,69.0846663992927,0,55.619264668916465,75.98643191722303,0.0
464.009999999723,0,6924,0,98.27420530197428,0,98.21732355164568,0,62.50207751024,0,34.64972122440983,73.41083189706745,0.0
465.0099999997221,0,6941,0,90.09129417815107,0,98.8890583530406,0,66.03508424689204,0,30.092757922081717,71.27704867504136,0.0
466.0099999997212,0,6955,0,98.51955318754543,0,85.06883349926495,0,84.35964902368772,0,32.326810439611506,75.0687115375274,0.0
467.00999999972026,0,6978,0,99.66579983714102,0,95.98318496178152,0,94.76082210462667,0,32.66569018122473,80.76887427119348,0.0
468.00999999971935,0,6987,0,97.72803948418186,0,97.39442074074577,0,84.18957510261494,0,32.66569018122473,77.99443137719183,0.0
469.00999999971845,0,7008,0,88.2974184010444,0,92.50021656075398,0,63.60148109544259,0,44.14872091801708,72.13695924381452,0.0
470.00999999971754,0,7024,0,94.94789302106989,0,89.00745190508741,0,77.29139821621139,0,44.56786793621346,76.45365276964554,0.0
471.0099999997166,0,7038,0,96.9833469370495,0,86.03982469627638,0,59.505599047771724,0,44.56786793621346,71.77415965432778,0.0
472.0099999997157,0,7055,0,99.1118961042329,0,96.08853319536921,0,68.61680557917589,0,42.81082188690385,76.65701419142046,0.0
473.0099999997148,0,7069,0,97.39422973122107,0,94.20152123364161,0,60.61363240130379,0,43.77525553936465,73.99615972638279,0.0
474.0099999997139,0,7087,0,90.74236472404189,0,96.22891941121838,0,62.23965516004849,0,32.38282917241987,70.39844211693216,0.0
475.009999999713,0,7103,0,94.54955776991585,0,80.87333546327888,0,58.95948266874949,0,38.52130835614127,68.22592106452137,0.0
476.0099999997121,0,7121,0,90.81418756345795,0,71.98276330525962,0,57.02905966083039,0,35.2509542898375,63.76924120484637,0.0
477.00999999971117,0,7141,0,96.8936752282929,0,92.76720474127768,0,80.83577642939336,0,43.690541127735905,78.54679938167496,0.0
478.00999999971026,0,7150,0,99.61992379276163,0,98.93025875280716,0,77.05991071739864,0,43.690541127735905,79.82515859767584,0.0
479.00999999970935,0,7169,0,99.5032663186959,0,91.77337838199485,0,71.92511825704204,0,41.25467445231401,76.1141093525117,0.0
480.00999999970844,0,7187,0,89.96228859054865,0,88.81964418149246,0,70.47017065349239,0,27.720953138401136,69.24326414098365,0.0
481.00999999970753,0,7204,0,98.1681154216624,0,84.08551711391172,0,63.09013859394425,0,37.238386609225955,70.64553943468609,0.0
482.0099999997066,0,7216,0,94.41666172012039,0,91.86624909383418,0,60.09343720386141,0,32.5393351088212,69.7289207816593,0.0
483.0099999997057,0,7233,0,99.72940419196992,0,79.76754654191437,0,67.8415807203928,0,32.5393351088212,69.96946664077457,0.0
484.0099999997048,0,7249,0,93.24237350853781,0,98.0358997170953,0,47.75026739452397,0,44.63585196390582,70.91609814601573,0.0
485.0099999997039,0,7264,0,92.98591867113701,0,94.55170401764231,0,50.29135355044902,0,33.86768802138671,67.92416606515377,0.0
486.009999999703,0,7278,0,95.58081618552988,0,88.14664321266416,0,50.04065482136578,0,34.64895246167444,67.10426667030856,0.0
487.0099999997021,0,7290,0,94.72356804558166,0,96.2190576948935,0,67.88630400795986,0,36.46094479322418,73.8224686354148,0.0
488.00999999970117,0,7303,0,99.53728631101139,0,99.73620994581724,0,68.51089755461952,0,46.239860586996876,78.50606359961125,0.0
489.00999999970026,0,7321,0,93.2961593947252,0,79.69236159956667,0,58.42504024136473,0,46.239860586996876,69.41335545566336,0.0
490.00999999969935,0,7339,0,99.56809934570362,0,84.13879783586536,0,51.99492899875728,0,41.04035308403437,69.18554481609016,0.0
491.00999999969844,0,7356,0,99.69997233675247,0,68.43777340611337,0,51.501486830623904,0,37.192414074301055,64.20791166194769,0.0
492.0099999996975,0,7369,0,89.40960910274124,0,91.96180006148703,0,70.00657594406508,0,31.22865228718392,70.65165934886932,0.0
493.0099999996966,0,7386,0,96.93365697905656,0,94.51111876875501,0,76.00944331483198,0,34.03566790022921,75.3724717407182,0.0
494.0099999996957,0,7405,0,92.64813916313716,0,95.84315453694751,0,58.7011854508185,0,24.59667035194693,67.94728737571252,0.0
495.0099999996948,0,7424,0,97.2430606460762,0,90.36656756018999,0,54.01742191670244,0,36.919809897842796,69.63671500520286,0.0
496.0099999996939,0,7440,0,99.24132469675212,0,94.99580594748141,0,79.31305095467562,0,42.58537503872831,79.03388915940937,0.0
497.009999999693,0,7455,0,99.28359867927324,0,86.08000591935954,0,90.02298976520213,0,42.58537503872831,79.4929923506408,0.0
498.00999999969207,0,7473,0,93.50486131089704,0,66.2268813019109,0,79.14789874568822,0,31.029150592611682,67.47719798777696,0.0
499.00999999969116,0,7489,0,99.34240777913625,0,71.7769234461808,0,72.73270518779621,0,22.112735062661873,66.49119286894378,0.0
500.00999999969025,0,7509,0,90.32223675254382,0,70.66078104662948,0,60.29598244932166,0,31.805486799629477,63.27112176203111,0.0
501.00999999968934,0,7525,0,85.16707234455934,0,78.8393795419564,0,29.810793111090113,0,23.287663956840113,54.2762272386115,0.0
502.00999999968843,0,7537,0,98.99100273151628,0,94.12409244926869,0,63.03142353828005,0,34.05683199965007,72.55083767967878,0.0
503.0099999996875,0,7550,0,98.35250453317656,0,75.38805925012646,0,57.948001726755045,0,48.21724497215727,69.97645262055383,0.0
504.0099999996866,0,7566,0,92.00017701544056,0,62.962939438377546,0,59.69738223969677,0,47.87802880627213,65.63463187494675,0.0
505.0099999996857,0,7584,0,92.59951059864264,0,88.89218350419384,0,45.440418641994164,0,40.34907540811814,66.8202970382372,0.0
506.0099999996848,0,7598,0,97.6968394965931,0,79.71526294801093,0,44.702155850884424,0,26.354020998471423,62.11706982348997,0.0
507.0099999996839,0,7611,0,96.04696225628282,0,89.23659793276539,0,56.65633426560382,0,18.828321266724686,65.19205393034417,0.0
508.009999999683,0,7625,0,98.7839187991152,0,89.55863048370017,0,87.2482757173758,0,34.159838189455584,77.43766579741168,0.0
509.00999999968207,0,7633,0,97.68769601394933,0,87.89205176328882,0,82.60882706792404,0,32.97369804964913,75.29056822370283,0.0
510.00999999968116,0,7656,0,99.21988878276835,0,89.12948625483332,0,63.90637619638892,0,20.574796636891513,68.20763696772053,0.0
511.00999999968025,0,7670,0,97.11179673726164,0,85.03928919849483,0,75.1072556857556,0,42.30097371805805,74.88982883489253,0.0
512.0099999996794,0,7683,0,98.05523101357294,0,83.36520515999929,0,84.3457310647839,0,25.394184074468313,72.79008782820611,0.0
513.0099999996785,0,7698,0,98.38057409818413,0,85.25792391637654,0,90.18515426688829,0,27.679173083538004,75.37570634124674,0.0
514.0099999996776,0,7720,0,97.65108493645252,0,95.16318677765904,0,79.65169109458843,0,28.26032215109614,75.18157123994904,0.0
515.0099999996767,0,7735,0,99.06229620421139,0,94.73931102667683,0,60.46221501045864,0,41.12140957739306,73.84630795468499,0.0
516.0099999996758,0,7751,0,98.86387194401733,0,73.55715772154414,0,68.99502866469388,0,35.81899763261855,69.30876399071848,0.0
517.0099999996748,0,7767,0,88.62256701256788,0,81.3236211060514,0,85.58944577120965,0,41.75134260793997,74.32174412444223,0.0
518.0099999996739,0,7782,0,99.82161536212037,0,96.4272168638872,0,75.8195635133615,0,47.32615955918459,79.84863882463841,0.0
519.009999999673,0,7799,0,96.73501111689367,0,91.58714755028475,0,58.52249668204947,0,47.32615955918459,73.54270372710312,0.0
520.0099999996721,0,7817,0,99.27102568093322,0,78.4628589091561,0,61.353054910571906,0,42.65065598715027,70.43439887195288,0.0
521.0099999996712,0,7828,0,96.76530410156874,0,46.17756838887957,0,43.764153655651995,0,27.195508420350563,53.47563364161272,0.0
522.0099999996703,0,7838,0,97.01391411046905,0,99.16982506911623,0,66.39972677069392,0,41.07752566454052,75.91524790370492,0.0
523.0099999996694,0,7859,0,95.87713015029355,0,85.29780500870993,0,76.87163098472739,0,29.439912176645535,71.8716195800941,0.0
524.0099999996685,0,7872,0,93.10899411749386,0,85.29780500870993,0,69.57265439351082,0,35.90752851316302,70.97174550821941,0.0
525.0099999996676,0,7890,0,97.59987521012584,0,95.97480900587279,0,40.795706189042804,0,42.23629025771937,69.1516701656902,0.0
526.0099999996667,0,7910,0,99.39971300327716,0,69.35462883904984,0,30.70827034520273,0,45.774463827398954,61.30926900373217,0.0
527.0099999996658,0,7925,0,99.32405003402886,0,97.47431295065283,0,62.5805153077433,0,38.74582594860699,74.53117606025799,0.0
528.0099999996648,0,7941,0,98.76297720399964,0,87.31925253461938,0,58.931612284389864,0,36.952362536053414,70.49155113976558,0.0
529.0099999996639,0,7959,0,96.43920575932037,0,88.5714018588858,0,74.35769423805202,0,32.32028152649903,72.9221458456893,0.0
530.009999999663,0,7974,0,99.19511512039838,0,96.7908730446139,0,63.50680733054948,0,22.37302106250529,70.46645413951677,0.0
531.0099999996621,0,7994,0,92.40654980175128,0,93.72768928810768,0,67.5082893944647,0,32.098392859593794,71.43523033597937,0.0
532.0099999996612,0,8007,0,95.9142172660019,0,97.5852924338524,0,76.18482290754427,0,41.37007555977601,77.76360204179365,0.0
533.0099999996603,0,8024,0,97.29940236386854,0,98.26940322467715,0,69.04628632098219,0,35.2908182179189,74.97647753186169,0.0
534.0099999996594,0,8041,0,88.20700329768894,0,78.49814259008849,0,47.40050302494586,0,35.61071403170798,62.42909073610782,0.0
535.0099999996585,0,8060,0,87.85897933913505,0,99.92174978427094,0,55.09317314473179,0,25.120450100689432,66.9985880922068,0.0
536.0099999996576,0,8072,0,98.49857209706937,0,95.1134207553433,0,56.8417351022829,0,32.56830522080868,70.75550829387606,0.0
537.0099999996567,0,8091,0,93.90860863712923,0,97.42876489824677,0,41.667966284175755,0,36.91586857361645,67.48030209829206,0.0
538.0099999996557,0,8111,0,87.21975887233886,0,99.00972388103374,0,66.91577858952716,0,37.867119300028584,72.75309516073209,0.0
539.0099999996548,0,8126,0,86.0893583341044,0,77.96046356291998,0,66.91577858952716,0,39.36307475368335,67.58216881005873,0.0
540.0099999996539,0,8136,0,98.73101229687632,0,91.59367364314464,0,64.73981995954986,0,39.804459006176444,73.71724122643681,0.0
541.009999999653,0,8157,0,83.81611895792844,0,75.69756892808783,0,76.11668211773764,0,32.176152999223994,66.95163075074447,0.0
542.0099999996521,0,8171,0,94.70679854528393,0,82.80851788951128,0,73.83804385536166,0,22.396433866555267,68.43744853917804,0.0
543.0099999996512,0,8186,0,90.60554466154619,0,81.14085247540152,0,85.93654500260195,0,20.299309102127992,69.49556281041941,0.0
544.0099999996503,0,8202,0,90.86627449946754,0,78.91489316398534,0,62.75867684489798,0,20.299309102127992,63.20978840261971,0.0
545.0099999996494,0,8224,0,93.19874838105663,0,59.31595461169029,0,83.51643143550079,0,41.80215755017524,69.45832299460574,0.0
546.0099999996485,0,8240,0,88.71722404527142,0,89.132205451089,0,85.45624374683621,0,36.359407425763365,74.91627016724,0.0
547.0099999996476,0,8252,0,90.4939956373155,0,77.25274810194361,0,75.58112761605352,0,34.46844639323729,69.44907943713748,0.0
548.0099999996467,0,8274,0,98.11383453497245,0,78.3285886296244,0,77.64475680608425,0,30.53355694983663,71.15518423012944,0.0
549.0099999996457,0,8285,0,94.3376219906618,0,66.987618107609,0,71.60206515509049,0,43.886415682363165,69.20343023393112,0.0
550.0099999996448,0,8299,0,99.43918614337494,0,81.46652874303555,0,50.43760178937965,0,38.0765736335858,67.35497257734399,0.0
551.0099999996439,0,8317,0,92.35353893520718,0,82.02220082836632,0,59.55175177768177,0,32.43314549075416,66.59015925800236,0.0
552.009999999643,0,8332,0,99.44329560492075,0,82.9409703048539,0,55.31673259372333,0,34.82008415192678,68.1302706638562,0.0
553.0099999996421,0,8348,0,96.22475592830966,0,85.07110498889008,0,43.08843098479447,0,27.76846136878697,63.038188317695294,0.0
554.0099999996412,0,8363,0,99.17783357447748,0,95.0568089780769,0,75.50675976280577,0,25.001272887224758,73.68566880064623,0.0
555.0099999996403,0,8378,0,97.11757183924591,0,81.79562770964154,0,62.750086723968934,0,31.380640624952512,68.26098172445222,0.0
556.0099999996394,0,8393,0,98.23079135062892,0,86.89275292554706,0,48.63474494697581,0,19.862787951515344,63.405269293666784,0.0
557.0099999996385,0,8404,0,98.36438379305321,0,85.97802464438298,0,73.27064825155365,0,29.105534263715562,71.67964773817636,0.0
558.0099999996376,0,8420,0,96.87238320815273,0,72.65485440082396,0,63.04020802792682,0,15.65476258654526,62.055552055862194,0.0
559.0099999996366,0,8435,0,98.81461624752909,0,98.21187260894011,0,62.864772924346994,0,32.130401177686615,73.0054157396257,0.0
560.0099999996357,0,8450,0,98.4486062048442,0,97.05763806924222,0,56.61355022801486,0,42.45347253488964,73.64331675924772,0.0
561.0099999996348,0,8466,0,93.97388780903832,0,91.67206906487785,0,69.51940202428709,0,38.8687995852881,73.50853962087284,0.0
562.0099999996339,0,8485,0,94.08261622285498,0,82.76234308951304,0,65.32888118331748,0,31.99364168274466,68.54187054460753,0.0
563.009999999633,0,8502,0,91.97898962055258,0,82.76896428823576,0,78.41611950415317,0,29.071995598470885,70.5590172528531,0.0
564.0099999996321,0,8520,0,88.4751887412536,0,85.9265299000147,0,75.81133283633716,0,29.071995598470885,69.82126176901909,0.0
565.0099999996312,0,8535,0,97.09785856643103,0,92.45345026167242,0,62.42128944740709,0,28.12461949660325,70.02430444302844,0.0
566.0099999996303,0,8551,0,97.40593353795401,0,75.87553074062643,0,63.795562628455286,0,13.772819002980953,62.71246147750417,0.0
567.0099999996294,0,8564,0,90.91608322917115,0,91.49924365597188,0,62.5846400733617,0,19.68094439906396,66.17022783939217,0.0
568.0099999996285,0,8576,0,98.9320750378303,0,77.18739584670395,0,60.596697806920176,0,11.097497779245765,61.953416617675046,0.0
569.0099999996276,0,8587,0,88.64895884663642,0,83.56765316381818,0,56.07432605564974,0,19.425881555886498,61.92920490549771,0.0
570.0099999996266,0,8598,0,93.77682966104173,0,64.19266089620116,0,50.42326963159237,0,19.425881555886498,56.95466043618044,0.0
571.0099999996257,0,8613,0,99.33900412352529,0,90.85947982149004,0,58.957575932406606,0,30.35790216281601,69.87849051005949,0.0
572.0099999996248,0,8626,0,97.8597890632759,0,93.09822391295941,0,58.99087862434975,0,32.584024508297,70.63322902722051,0.0
573.0099999996239,0,8644,0,96.76202930786961,0,95.09198150947077,0,63.2914671372814,0,30.185751240548896,71.33280729879267,0.0
574.009999999623,0,8660,0,93.21650196405557,0,82.28939115759528,0,72.1436600151615,0,24.092249485008548,67.93545065545523,0.0
575.0099999996221,0,8671,0,97.3181589986325,0,99.79403269314801,0,92.48576119327868,0,24.092249485008548,78.42255059251693,0.0
576.0099999996212,0,8691,0,88.32557334317558,0,92.15752501016881,0,72.91120427860044,0,27.108615955965654,70.12572964697762,0.0
577.0099999996203,0,8707,0,99.7220461662385,0,88.84237794055996,0,82.12896803082876,0,34.67200819673296,76.34135008359004,0.0
578.0099999996194,0,8722,0,91.30543840651295,0,71.10804988555131,0,86.77313741588257,0,41.51426144197734,72.67522178748104,0.0
579.0099999996185,0,8742,0,99.08584186105321,0,81.24147428866242,0,55.87719621646899,0,38.52381586180777,68.6820820569981,0.0
580.0099999996175,0,8756,0,60.87681281586168,0,75.61647353972722,0,58.00447228494482,0,32.8718430652099,56.84240042643591,0.0
581.0099999996166,0,8767,0,89.99496201276766,0,71.50014769095348,0,54.72226816332682,0,30.80556325815236,61.755735281300076,0.0
582.0099999996157,0,8781,0,97.7930095488289,0,94.2247736457616,0,67.70101463922396,0,30.80556325815236,72.63109027299171,0.0
583.0099999996148,0,8799,0,92.21009742408434,0,89.69563120072166,0,64.8977249351186,0,41.62449678073634,72.10698758516523,0.0
584.0099999996139,0,8810,0,98.78630820210833,0,92.96983645966623,0,53.44655376485594,0,45.23472991887866,72.60935708637729,0.0
585.009999999613,0,8824,0,90.2600753906073,0,82.72304652767889,0,59.14808371177486,0,45.23472991887866,69.34148388723493,0.0
586.0099999996121,0,8844,0,89.88608179426873,0,71.46120845936436,0,63.306663953886215,0,41.487368305628706,66.535330628287,0.0
587.0099999996112,0,8859,0,99.24703329150908,0,74.39647658044035,0,52.4530364715486,0,22.216779970003973,62.078331578375504,0.0
588.0099999996103,0,8871,0,92.65012556346757,0,81.91525235166108,0,62.84324750708394,0,19.781975273219032,64.2976501738579,0.0
589.0099999996094,0,8886,0,94.38678582768027,0,93.78380804278854,0,72.18242237551812,0,36.58184108924365,74.23371433380764,0.0
590.0099999996085,0,8900,0,89.46067036740163,0,97.2017077699182,0,72.18242237551812,0,30.983955200889085,72.45718892843176,0.0
591.0099999996075,0,8918,0,98.7981861094715,0,77.07201541455873,0,56.35548491047668,0,45.523922307143714,69.43740218541265,0.0
592.0099999996066,0,8935,0,96.98247933338101,0,86.37231918499586,0,73.45112365429614,0,47.71682404140502,76.13068655351951,0.0
593.0099999996057,0,8951,0,82.94545684764577,0,79.22957220380408,0,64.79357232348113,0,35.15975506874867,65.53208911091991,0.0
594.0099999996048,0,8963,0,95.14370437502248,0,99.71640797193129,0,49.76612557191359,0,44.5899487734022,72.30404667306739,0.0
595.0099999996039,0,8980,0,97.99084971081948,0,95.57530294473138,0,59.564115735142394,0,26.64294202101222,69.94330260292637,0.0
596.009999999603,0,8998,0,99.26937649306949,0,94.07803180612665,0,57.93304807649748,0,46.08812995236424,74.34214658201446,0.0
597.0099999996021,0,9009,0,96.6431482590172,0,94.6807532174019,0,80.70247913938852,0,46.08812995236424,79.52862764204296,0.0
598.0099999996012,0,9029,0,93.35897098080387,0,60.57713392905423,0,72.08782009765461,0,30.35354810203902,64.09436827738793,0.0
599.0099999996003,0,9043,0,93.21074288846617,0,84.0400809106818,0,73.17005684384738,0,37.21899048678691,71.90996778244556,0.0
600.0099999995994,0,9063,0,90.51813206491629,0,81.82697240635106,0,46.28904306558195,0,18.621325879478967,59.31386835408207,0.0
601.0099999995984,0,9072,0,64.6967252840063,0,62.31188192787549,0,-1.0125233984581428e-13,0,11.755883494731076,34.691122676653194,0.0
602.0099999995975,0,9079,0,11.651054172863283,0,48.58088246897323,0,-1.0125233984581428e-13,0,11.755883494731076,17.996955034141873,0.0
